-- Create database.
create database topcoder_dw;

-- Select the database.
database topcoder_dw;

-- "dual" table to make the informix-wrapper happy, which is doing "SELECT 1 FROM dual" to validate a connection.
CREATE TABLE dual (id INT, PRIMARY KEY(id));

-- Content from below are copied from the provided informix demo files.

-- Create coder table.
CREATE TABLE coder (coder_id DECIMAL(10,0), state_code NVARCHAR(2), country_code NVARCHAR(3), first_name NVARCHAR(100), last_name NVARCHAR(100), home_phone NVARCHAR(100), work_phone NVARCHAR(100), address1 NVARCHAR(200), address2 NVARCHAR(200), city NVARCHAR(100), zip NVARCHAR(20), middle_name NVARCHAR(100), activation_code NVARCHAR(17), member_since DATETIME YEAR TO FRACTION(3), notify NCHAR(1), quote NVARCHAR(255), employer_search NCHAR(1), relocate NCHAR(1), modify_date DATETIME YEAR TO FRACTION(3), editor_id DECIMAL(1,0), notify_inquiry NCHAR(1), language_id DECIMAL(3,0), coder_type_id DECIMAL(3,0), handle NVARCHAR(30) NOT NULL, status NVARCHAR(3), email NVARCHAR(100), last_login DATETIME YEAR TO FRACTION(3), image INTEGER, comp_country_code NVARCHAR(3), handle_lower NVARCHAR(30), last_site_hit_date DATETIME YEAR TO FRACTION(3), reg_source VARCHAR(20), utm_source VARCHAR(50), utm_medium VARCHAR(50), utm_campaign VARCHAR(50), create_date DATETIME YEAR TO FRACTION(3), dw_stats_updated_time DATETIME YEAR TO FRACTION(3), PRIMARY KEY (coder_id) CONSTRAINT coder_pkey);
INSERT INTO coder (coder_id, state_code, country_code, first_name, last_name, home_phone, work_phone, address1, address2, city, zip, middle_name, activation_code, member_since, notify, quote, employer_search, relocate, modify_date, editor_id, notify_inquiry, language_id, coder_type_id, handle, status, email, last_login, image, comp_country_code, handle_lower, last_site_hit_date, reg_source, utm_source, utm_medium, utm_campaign, create_date, dw_stats_updated_time) VALUES (100001, 'namehere', '840', 'asdasdhkasd', 'nvbmvbnv', '111-111-1111', null, 'some address', '', 'Farmington', '11111', null, '5A474zA2', TO_DATE('2000-12-29 00:00:00', '%Y-%m-%d %H:%M:%S'), 'Y', 'Mistakes are inevitable, not learning from them is unacceptable', 'N', 'N', TO_DATE('2019-11-01 12:41:38', '%Y-%m-%d %H:%M:%S'), 0, 'N', 1, 2, 'notahacker', 'A', 'someid@gmail.com', null, 0, '840', 'notahacker', null, null, null, null, null, TO_DATE('2000-12-29 00:00:00', '%Y-%m-%d %H:%M:%S'), TO_DATE('2019-11-01 13:25:36', '%Y-%m-%d %H:%M:%S'));

-- Create language_lu table.
CREATE TABLE language_lu (language_id DECIMAL(3,0), language_name NVARCHAR(30) NOT NULL, status NCHAR(1) NOT NULL, language_desc NVARCHAR(50), PRIMARY KEY (language_id) CONSTRAINT language_pkey);
INSERT INTO language_lu (language_id, language_name, status, language_desc) VALUES (1, 'Java', 'Y', null);
INSERT INTO language_lu (language_id, language_name, status, language_desc) VALUES (2, 'XML', 'N', null);
INSERT INTO language_lu (language_id, language_name, status, language_desc) VALUES (3, 'C++', 'Y', null);
INSERT INTO language_lu (language_id, language_name, status, language_desc) VALUES (0, 'Unspecified', 'N', null);
INSERT INTO language_lu (language_id, language_name, status, language_desc) VALUES (4, 'C#', 'Y', null);
INSERT INTO language_lu (language_id, language_name, status, language_desc) VALUES (5, 'VB', 'Y', '');
INSERT INTO language_lu (language_id, language_name, status, language_desc) VALUES (6, 'Python', 'Y', null);
INSERT INTO language_lu (language_id, language_name, status, language_desc) VALUES (8, 'MATLAB', 'N', null);

-- Create problem_category_lu table.
CREATE TABLE problem_category_lu (problem_category_id DECIMAL(3,0) NOT NULL, problem_category_desc NVARCHAR(255) NOT NULL, PRIMARY KEY (problem_category_id) CONSTRAINT problem_category_lu_pk);
INSERT INTO problem_category_lu (problem_category_id, problem_category_desc) VALUES (1, 'Brute Force');
INSERT INTO problem_category_lu (problem_category_id, problem_category_desc) VALUES (2, 'Dynamic Programming');
INSERT INTO problem_category_lu (problem_category_id, problem_category_desc) VALUES (3, 'Geometry');
INSERT INTO problem_category_lu (problem_category_id, problem_category_desc) VALUES (4, 'Recursion');
INSERT INTO problem_category_lu (problem_category_id, problem_category_desc) VALUES (5, 'Simple Search, Iteration');
INSERT INTO problem_category_lu (problem_category_id, problem_category_desc) VALUES (6, 'Search');
INSERT INTO problem_category_lu (problem_category_id, problem_category_desc) VALUES (7, 'Simulation');
INSERT INTO problem_category_lu (problem_category_id, problem_category_desc) VALUES (8, 'String Manipulation');
INSERT INTO problem_category_lu (problem_category_id, problem_category_desc) VALUES (9, 'String Parsing');
INSERT INTO problem_category_lu (problem_category_id, problem_category_desc) VALUES (10, 'Simple Math');
INSERT INTO problem_category_lu (problem_category_id, problem_category_desc) VALUES (11, 'Math');
INSERT INTO problem_category_lu (problem_category_id, problem_category_desc) VALUES (12, 'Advanced Math');
INSERT INTO problem_category_lu (problem_category_id, problem_category_desc) VALUES (13, 'Graph Theory');
INSERT INTO problem_category_lu (problem_category_id, problem_category_desc) VALUES (14, 'Sorting');
INSERT INTO problem_category_lu (problem_category_id, problem_category_desc) VALUES (15, 'Encryption/Compression');
INSERT INTO problem_category_lu (problem_category_id, problem_category_desc) VALUES (16, 'Greedy');

-- Create problem_category_xref table.
CREATE TABLE problem_category_xref (problem_id DECIMAL(10,0) NOT NULL, problem_category_id DECIMAL(3,0) NOT NULL, PRIMARY KEY (problem_id, problem_category_id) CONSTRAINT problem_category_xref_pk);
INSERT INTO problem_category_xref (problem_id, problem_category_id) VALUES (40, 8);
INSERT INTO problem_category_xref (problem_id, problem_category_id) VALUES (41, 8);
INSERT INTO problem_category_xref (problem_id, problem_category_id) VALUES (42, 2);
INSERT INTO problem_category_xref (problem_id, problem_category_id) VALUES (46, 11);
INSERT INTO problem_category_xref (problem_id, problem_category_id) VALUES (47, 8);
INSERT INTO problem_category_xref (problem_id, problem_category_id) VALUES (48, 8);
INSERT INTO problem_category_xref (problem_id, problem_category_id) VALUES (64, 5);
INSERT INTO problem_category_xref (problem_id, problem_category_id) VALUES (65, 1);
INSERT INTO problem_category_xref (problem_id, problem_category_id) VALUES (66, 2);
INSERT INTO problem_category_xref (problem_id, problem_category_id) VALUES (66, 13);

-- Create long problem submission table.
CREATE TABLE long_problem_submission (round_id DECIMAL(10,0), coder_id DECIMAL(10,0), problem_id DECIMAL(10,0), final_points DECIMAL(12,2), language_id DECIMAL(3,0), open_time DECIMAL(14,0), submission_number DECIMAL(5,0), submission_text TEXT, submit_time DECIMAL(14,0), submission_points DECIMAL(12,2), last_submission DECIMAL(1,0), example DECIMAL(1,0), status_id DECIMAL(3,0), status_desc NVARCHAR(100), PRIMARY KEY (round_id, coder_id, problem_id, submission_number, example) CONSTRAINT longproblem_submission_pk);
INSERT INTO long_problem_submission (round_id, coder_id, problem_id, final_points, language_id, open_time, submission_number, submission_text, submit_time, submission_points, last_submission, example, status_id, status_desc) VALUES (9881, 310430, 6058, 95.45, 3, 1139068432990, 1, null, 1139068436587, 0.00, 0, 0, 150, null);
INSERT INTO long_problem_submission (round_id, coder_id, problem_id, final_points, language_id, open_time, submission_number, submission_text, submit_time, submission_points, last_submission, example, status_id, status_desc) VALUES (9881, 300001, 6058, 95.45, 3, 1139068432990, 2, null, 1139080680716, 81.11, 0, 0, 150, null);
INSERT INTO long_problem_submission (round_id, coder_id, problem_id, final_points, language_id, open_time, submission_number, submission_text, submit_time, submission_points, last_submission, example, status_id, status_desc) VALUES (9881, 300002, 6058, 95.45, 3, 1139068432990, 3, null, 1139087003459, 0.00, 0, 0, 150, null);
INSERT INTO long_problem_submission (round_id, coder_id, problem_id, final_points, language_id, open_time, submission_number, submission_text, submit_time, submission_points, last_submission, example, status_id, status_desc) VALUES (9881, 300003, 6058, 95.45, 3, 1139068432990, 4, null, 1139094332072, 92.47, 0, 0, 150, null);
INSERT INTO long_problem_submission (round_id, coder_id, problem_id, final_points, language_id, open_time, submission_number, submission_text, submit_time, submission_points, last_submission, example, status_id, status_desc) VALUES (9881, 300004, 6058, 95.45, 3, 1139068432990, 5, null, 1139138710193, 92.37, 0, 0, 150, null);
INSERT INTO long_problem_submission (round_id, coder_id, problem_id, final_points, language_id, open_time, submission_number, submission_text, submit_time, submission_points, last_submission, example, status_id, status_desc) VALUES (9881, 300006, 6058, 95.45, 3, 1139068432990, 6, null, 1139149055816, 92.30, 0, 0, 150, null);
INSERT INTO long_problem_submission (round_id, coder_id, problem_id, final_points, language_id, open_time, submission_number, submission_text, submit_time, submission_points, last_submission, example, status_id, status_desc) VALUES (9881, 300008, 6058, 95.45, 3, 1139068432990, 7, null, 1139157140626, 1.00, 0, 0, 150, null);
INSERT INTO long_problem_submission (round_id, coder_id, problem_id, final_points, language_id, open_time, submission_number, submission_text, submit_time, submission_points, last_submission, example, status_id, status_desc) VALUES (9881, 300009, 6058, 95.45, 3, 1139068432990, 8, null, 1139169938111, 92.09, 0, 0, 150, null);
INSERT INTO long_problem_submission (round_id, coder_id, problem_id, final_points, language_id, open_time, submission_number, submission_text, submit_time, submission_points, last_submission, example, status_id, status_desc) VALUES (9881, 300010, 6058, 95.45, 3, 1139068432990, 9, null, 1139432603267, 89.41, 0, 0, 150, null);

-- Create problem submission table.
CREATE TABLE problem_submission (round_id DECIMAL(10,0), coder_id DECIMAL(10,0), problem_id DECIMAL(10,0), final_points DECIMAL(12,2), status_id DECIMAL(3,0), language_id DECIMAL(3,0), open_time DECIMAL(14,0), submission_number DECIMAL(5,0), submission_text TEXT, submit_time DECIMAL(14,0), submission_points DECIMAL(12,2), status_desc NVARCHAR(100), last_submission DECIMAL(1,0), PRIMARY KEY (round_id, coder_id, problem_id, submission_number) CONSTRAINT problem_submission_pk);
INSERT INTO problem_submission (round_id, coder_id, problem_id, final_points, status_id, language_id, open_time, submission_number, submission_text, submit_time, submission_points, status_desc, last_submission) VALUES (50, 105900, 162, 0.00, 140, 1, 1001467819000, 1, null, 1001469816000, 133.93, null, 1);
INSERT INTO problem_submission (round_id, coder_id, problem_id, final_points, status_id, language_id, open_time, submission_number, submission_text, submit_time, submission_points, status_desc, last_submission) VALUES (50, 100001, 163, 0.00, 120, 1, 0, 0, null, 0, 0.00, null, 0);
INSERT INTO problem_submission (round_id, coder_id, problem_id, final_points, status_id, language_id, open_time, submission_number, submission_text, submit_time, submission_points, status_desc, last_submission) VALUES (50, 100002, 162, 230.29, 150, 1, 1001467803000, 1, null, 1001468310000, 230.29, null, 1);
INSERT INTO problem_submission (round_id, coder_id, problem_id, final_points, status_id, language_id, open_time, submission_number, submission_text, submit_time, submission_points, status_desc, last_submission) VALUES (50, 100003, 163, 443.71, 150, 1, 1001468430000, 1, null, 1001469053000, 443.71, null, 1);
INSERT INTO problem_submission (round_id, coder_id, problem_id, final_points, status_id, language_id, open_time, submission_number, submission_text, submit_time, submission_points, status_desc, last_submission) VALUES (50, 100004, 164, 514.07, 150, 1, 1001469105000, 1, null, 1001471249000, 514.07, null, 1);
INSERT INTO problem_submission (round_id, coder_id, problem_id, final_points, status_id, language_id, open_time, submission_number, submission_text, submit_time, submission_points, status_desc, last_submission) VALUES (50, 100006, 162, 0.00, 140, 1, 1001467804000, 1, null, 1001468598000, 208.45, null, 1);
INSERT INTO problem_submission (round_id, coder_id, problem_id, final_points, status_id, language_id, open_time, submission_number, submission_text, submit_time, submission_points, status_desc, last_submission) VALUES (50, 100007, 163, 0.00, 120, 1, 0, 0, null, 0, 0.00, null, 0);
INSERT INTO problem_submission (round_id, coder_id, problem_id, final_points, status_id, language_id, open_time, submission_number, submission_text, submit_time, submission_points, status_desc, last_submission) VALUES (50, 100011, 162, 0.00, 140, 1, 1001470522000, 1, null, 1001471922000, 163.93, null, 1);
INSERT INTO problem_submission (round_id, coder_id, problem_id, final_points, status_id, language_id, open_time, submission_number, submission_text, submit_time, submission_points, status_desc, last_submission) VALUES (50, 100008, 163, 0.00, 120, 1, 0, 0, null, 0, 0.00, null, 0);

CREATE DATABASE tcs_dw;

database tcs_dw;

-- "dual" table to make the informix-wrapper happy, which is doing "SELECT 1 FROM dual" to validate a connection.
CREATE TABLE dual (id INT, PRIMARY KEY(id));

-- Create project table.
CREATE TABLE project (project_id DECIMAL(12,0), component_id DECIMAL(12,0), component_name NVARCHAR(128), num_registrations DECIMAL(5,0), num_submissions DECIMAL(5,0), num_valid_submissions DECIMAL(5,0), avg_raw_score DECIMAL(5,2), avg_final_score DECIMAL(5,2), phase_id DECIMAL(5,0), phase_desc NVARCHAR(64), category_id DECIMAL(12,0), category_desc NVARCHAR(64), posting_date DATETIME YEAR TO SECOND, submitby_date DATETIME YEAR TO SECOND, complete_date DATETIME YEAR TO SECOND, review_phase_id DECIMAL(3,0), review_phase_name NVARCHAR(30), status_id DECIMAL(3,0), status_desc NVARCHAR(50), level_id DECIMAL(5,0), version_id DECIMAL(3,0), version_text NCHAR(20), rating_date DATETIME YEAR TO FRACTION(3), viewable_category_ind DECIMAL(1,0), num_submissions_passed_review DECIMAL(5,0), winner_id DECIMAL(10,0), stage_id DECIMAL(6,0), digital_run_ind DECIMAL(1,0) DEFAULT 1, suspended_ind DECIMAL(1,0) DEFAULT 0, project_category_id INTEGER, project_category_name VARCHAR(254), tc_direct_project_id INTEGER, admin_fee DECIMAL(10,2), contest_prizes_total DECIMAL(10,2), client_project_id INTEGER, start_date_calendar_id DECIMAL(12,0), duration DECIMAL(10,2), fulfillment DECIMAL(10,2), last_modification_date DATETIME YEAR TO SECOND, first_place_prize DECIMAL(10,2), num_checkpoint_submissions DECIMAL(5,0), num_valid_checkpoint_submissions DECIMAL(5,0), total_prize DECIMAL(10,2), checkpoint_start_date DATETIME YEAR TO SECOND, checkpoint_end_date DATETIME YEAR TO SECOND, challenge_manager DECIMAL(10,0), challenge_creator DECIMAL(10,0), copilot DECIMAL(10,0), challenge_launcher DECIMAL(10,0), registration_end_date DATETIME YEAR TO SECOND, scheduled_end_date DATETIME YEAR TO SECOND, checkpoint_prize_amount DECIMAL(10,2), checkpoint_prize_number DECIMAL(5,0), dr_points DECIMAL(10,2), reliability_cost DECIMAL(10,2), review_cost DECIMAL(10,2), forum_id DECIMAL(10,0), submission_viewable DECIMAL(1,0), is_private DECIMAL(1,0), actual_total_prize DECIMAL(10,2), copilot_cost DECIMAL(10,2), estimated_reliability_cost DECIMAL(10,2), estimated_review_cost DECIMAL(10,2), estimated_copilot_cost DECIMAL(10,2), estimated_admin_fee DECIMAL(10,2), PRIMARY KEY (project_id) CONSTRAINT project_pkey);
INSERT INTO project (project_id, component_id, component_name, num_registrations, num_submissions, num_valid_submissions, avg_raw_score, avg_final_score, phase_id, phase_desc, category_id, category_desc, posting_date, submitby_date, complete_date, review_phase_id, review_phase_name, status_id, status_desc, level_id, version_id, version_text, rating_date, viewable_category_ind, num_submissions_passed_review, winner_id, stage_id, digital_run_ind, suspended_ind, project_category_id, project_category_name, tc_direct_project_id, admin_fee, contest_prizes_total, client_project_id, start_date_calendar_id, duration, fulfillment, last_modification_date, first_place_prize, num_checkpoint_submissions, num_valid_checkpoint_submissions, total_prize, checkpoint_start_date, checkpoint_end_date, challenge_manager, challenge_creator, copilot, challenge_launcher, registration_end_date, scheduled_end_date, checkpoint_prize_amount, checkpoint_prize_number, dr_points, reliability_cost, review_cost, forum_id, submission_viewable, is_private, actual_total_prize, copilot_cost, estimated_reliability_cost, estimated_review_cost, estimated_copilot_cost, estimated_admin_fee) VALUES (22461689, 22461297, 'Auto Screening Management', 6, 3, 3, 89.46, 91.30, 112, 'Design', 5801778, 'Java Custom', TO_DATE('2006-06-15 09:00:00', '%Y-%m-%d %H:%M:%S'), TO_DATE('2006-06-22 09:00:00', '%Y-%m-%d %H:%M:%S'), TO_DATE('2006-07-04 09:31:00', '%Y-%m-%d %H:%M:%S'), 0, null, 7, 'Completed', 1, 1, '1.0                 ', TO_DATE('2006-06-22 09:00:00', '%Y-%m-%d %H:%M:%S'), 0, 3, 10098406, 1, 1, 0, 1, 'Design', 0, 0.00, 2568.00, null, null, null, null, TO_DATE('2016-04-16 01:35:43', '%Y-%m-%d %H:%M:%S'), 500.00, 0, 0, 750.00, null, null, 10053295, 22655028, null, null, TO_DATE('2006-06-18 09:00:00', '%Y-%m-%d %H:%M:%S'), TO_DATE('2006-07-04 09:31:00', '%Y-%m-%d %H:%M:%S'), 0.00, 0, 0.00, 160.00, 1208.00, 1477, null, 0, 1200.00, 0.00, 0.00, 0.00, 0.00, 0.00);
INSERT INTO project (project_id, component_id, component_name, num_registrations, num_submissions, num_valid_submissions, avg_raw_score, avg_final_score, phase_id, phase_desc, category_id, category_desc, posting_date, submitby_date, complete_date, review_phase_id, review_phase_name, status_id, status_desc, level_id, version_id, version_text, rating_date, viewable_category_ind, num_submissions_passed_review, winner_id, stage_id, digital_run_ind, suspended_ind, project_category_id, project_category_name, tc_direct_project_id, admin_fee, contest_prizes_total, client_project_id, start_date_calendar_id, duration, fulfillment, last_modification_date, first_place_prize, num_checkpoint_submissions, num_valid_checkpoint_submissions, total_prize, checkpoint_start_date, checkpoint_end_date, challenge_manager, challenge_creator, copilot, challenge_launcher, registration_end_date, scheduled_end_date, checkpoint_prize_amount, checkpoint_prize_number, dr_points, reliability_cost, review_cost, forum_id, submission_viewable, is_private, actual_total_prize, copilot_cost, estimated_reliability_cost, estimated_review_cost, estimated_copilot_cost, estimated_admin_fee) VALUES (30004398, 27109582, 'Registration Framework', 27, 2, 1, 48.37, 48.37, 113, 'Development', 5801776, 'Java', TO_DATE('2008-05-02 21:00:26', '%Y-%m-%d %H:%M:%S'), TO_DATE('2008-05-09 21:00:15', '%Y-%m-%d %H:%M:%S'), TO_DATE('2008-05-19 13:33:00', '%Y-%m-%d %H:%M:%S'), 0, null, 7, 'Completed', 1, 1, '1.0                 ', TO_DATE('2008-05-09 21:00:00', '%Y-%m-%d %H:%M:%S'), 1, 1, 22655076, 8, 1, 0, 2, 'Development', 0, 0.00, 1904.00, null, null, null, null, TO_DATE('2008-05-19 13:33:00', '%Y-%m-%d %H:%M:%S'), null, null, null, null, null, null, null, 16096823, null, null, TO_DATE('2008-05-04 21:00:20', '%Y-%m-%d %H:%M:%S'), TO_DATE('2008-05-13 10:29:18', '%Y-%m-%d %H:%M:%S'), 0.00, 0, 750.00, 25.00, 879.00, 3381, null, 0, 250.00, 0.00, 0.00, 0.00, 0.00, 0.00);
INSERT INTO project (project_id, component_id, component_name, num_registrations, num_submissions, num_valid_submissions, avg_raw_score, avg_final_score, phase_id, phase_desc, category_id, category_desc, posting_date, submitby_date, complete_date, review_phase_id, review_phase_name, status_id, status_desc, level_id, version_id, version_text, rating_date, viewable_category_ind, num_submissions_passed_review, winner_id, stage_id, digital_run_ind, suspended_ind, project_category_id, project_category_name, tc_direct_project_id, admin_fee, contest_prizes_total, client_project_id, start_date_calendar_id, duration, fulfillment, last_modification_date, first_place_prize, num_checkpoint_submissions, num_valid_checkpoint_submissions, total_prize, checkpoint_start_date, checkpoint_end_date, challenge_manager, challenge_creator, copilot, challenge_launcher, registration_end_date, scheduled_end_date, checkpoint_prize_amount, checkpoint_prize_number, dr_points, reliability_cost, review_cost, forum_id, submission_viewable, is_private, actual_total_prize, copilot_cost, estimated_reliability_cost, estimated_review_cost, estimated_copilot_cost, estimated_admin_fee) VALUES (30007362, 27312376, 'Aether OCS Deal Management', 32, 2, 2, 91.01, 93.54, 113, 'Development', 5801778, 'Java Custom', TO_DATE('2009-08-18 11:00:14', '%Y-%m-%d %H:%M:%S'), TO_DATE('2009-08-23 11:00:10', '%Y-%m-%d %H:%M:%S'), TO_DATE('2009-08-31 17:40:00', '%Y-%m-%d %H:%M:%S'), 0, null, 7, 'Completed', 1, 1, '1.0                 ', TO_DATE('2009-08-23 11:00:00', '%Y-%m-%d %H:%M:%S'), 0, 2, 22721181, null, 1, 0, 2, 'Development', 0, 0.00, 1970.30, 70015868, null, null, null, TO_DATE('2009-08-31 17:40:00', '%Y-%m-%d %H:%M:%S'), null, null, null, null, null, null, null, 156859, null, null, TO_DATE('2009-08-20 11:00:11', '%Y-%m-%d %H:%M:%S'), TO_DATE('2009-08-30 10:45:06', '%Y-%m-%d %H:%M:%S'), 0.00, 0, 165.00, 0.00, 488.00, 4785, null, 0, 825.00, 447.30, 0.00, 0.00, 0.00, 0.00);
INSERT INTO project (project_id, component_id, component_name, num_registrations, num_submissions, num_valid_submissions, avg_raw_score, avg_final_score, phase_id, phase_desc, category_id, category_desc, posting_date, submitby_date, complete_date, review_phase_id, review_phase_name, status_id, status_desc, level_id, version_id, version_text, rating_date, viewable_category_ind, num_submissions_passed_review, winner_id, stage_id, digital_run_ind, suspended_ind, project_category_id, project_category_name, tc_direct_project_id, admin_fee, contest_prizes_total, client_project_id, start_date_calendar_id, duration, fulfillment, last_modification_date, first_place_prize, num_checkpoint_submissions, num_valid_checkpoint_submissions, total_prize, checkpoint_start_date, checkpoint_end_date, challenge_manager, challenge_creator, copilot, challenge_launcher, registration_end_date, scheduled_end_date, checkpoint_prize_amount, checkpoint_prize_number, dr_points, reliability_cost, review_cost, forum_id, submission_viewable, is_private, actual_total_prize, copilot_cost, estimated_reliability_cost, estimated_review_cost, estimated_copilot_cost, estimated_admin_fee) VALUES (22462215, 22462052, 'Auto Screening Tool', 7, 1, 1, 64.34, 64.34, 112, 'Design', 5801776, 'Java', TO_DATE('2006-06-15 09:00:00', '%Y-%m-%d %H:%M:%S'), TO_DATE('2006-06-22 09:00:00', '%Y-%m-%d %H:%M:%S'), TO_DATE('2006-06-28 09:00:00', '%Y-%m-%d %H:%M:%S'), 6, 'Appeals Response', 4, 'Cancelled - Failed Review', 1, 1, '1.0                 ', TO_DATE('2006-06-22 09:00:00', '%Y-%m-%d %H:%M:%S'), 1, 0, null, 1, 1, 0, 1, 'Design', 0, 0.00, 536.00, null, null, null, null, TO_DATE('2006-06-28 09:00:00', '%Y-%m-%d %H:%M:%S'), null, null, null, null, null, null, 10053295, 22655028, null, null, null, null, null, null, null, null, null, null, null, null, 0.00, 0.00, 0.00, 0.00, 0.00, 0.00);
INSERT INTO project (project_id, component_id, component_name, num_registrations, num_submissions, num_valid_submissions, avg_raw_score, avg_final_score, phase_id, phase_desc, category_id, category_desc, posting_date, submitby_date, complete_date, review_phase_id, review_phase_name, status_id, status_desc, level_id, version_id, version_text, rating_date, viewable_category_ind, num_submissions_passed_review, winner_id, stage_id, digital_run_ind, suspended_ind, project_category_id, project_category_name, tc_direct_project_id, admin_fee, contest_prizes_total, client_project_id, start_date_calendar_id, duration, fulfillment, last_modification_date, first_place_prize, num_checkpoint_submissions, num_valid_checkpoint_submissions, total_prize, checkpoint_start_date, checkpoint_end_date, challenge_manager, challenge_creator, copilot, challenge_launcher, registration_end_date, scheduled_end_date, checkpoint_prize_amount, checkpoint_prize_number, dr_points, reliability_cost, review_cost, forum_id, submission_viewable, is_private, actual_total_prize, copilot_cost, estimated_reliability_cost, estimated_review_cost, estimated_copilot_cost, estimated_admin_fee) VALUES (22461530, 22461199, 'Online Review Phases', 6, 1, 1, 77.94, 80.50, 112, 'Design', 5801778, 'Java Custom', TO_DATE('2006-06-15 09:00:00', '%Y-%m-%d %H:%M:%S'), TO_DATE('2006-06-26 09:00:00', '%Y-%m-%d %H:%M:%S'), TO_DATE('2006-07-10 13:20:00', '%Y-%m-%d %H:%M:%S'), 0, null, 7, 'Completed', 1, 1, '1.0                 ', TO_DATE('2006-06-26 09:00:00', '%Y-%m-%d %H:%M:%S'), 0, 1, 11781622, 1, 1, 0, 1, 'Design', 0, 0.00, 1384.00, null, null, null, null, TO_DATE('2016-04-16 01:35:43', '%Y-%m-%d %H:%M:%S'), 1400.00, 0, 0, 2100.00, null, null, 10053295, 22655028, null, null, TO_DATE('2006-06-18 09:00:00', '%Y-%m-%d %H:%M:%S'), TO_DATE('2006-07-10 13:20:00', '%Y-%m-%d %H:%M:%S'), 0.00, 0, 0.00, 0.00, 584.00, 1476, null, 0, 800.00, 0.00, 0.00, 0.00, 0.00, 0.00);
INSERT INTO project (project_id, component_id, component_name, num_registrations, num_submissions, num_valid_submissions, avg_raw_score, avg_final_score, phase_id, phase_desc, category_id, category_desc, posting_date, submitby_date, complete_date, review_phase_id, review_phase_name, status_id, status_desc, level_id, version_id, version_text, rating_date, viewable_category_ind, num_submissions_passed_review, winner_id, stage_id, digital_run_ind, suspended_ind, project_category_id, project_category_name, tc_direct_project_id, admin_fee, contest_prizes_total, client_project_id, start_date_calendar_id, duration, fulfillment, last_modification_date, first_place_prize, num_checkpoint_submissions, num_valid_checkpoint_submissions, total_prize, checkpoint_start_date, checkpoint_end_date, challenge_manager, challenge_creator, copilot, challenge_launcher, registration_end_date, scheduled_end_date, checkpoint_prize_amount, checkpoint_prize_number, dr_points, reliability_cost, review_cost, forum_id, submission_viewable, is_private, actual_total_prize, copilot_cost, estimated_reliability_cost, estimated_review_cost, estimated_copilot_cost, estimated_admin_fee) VALUES (22465789, 21947791, 'Helper Table Manager', 7, 0, 0, null, null, 113, 'Development', 5801777, '.NET', TO_DATE('2006-06-15 09:00:00', '%Y-%m-%d %H:%M:%S'), TO_DATE('2006-06-22 09:00:00', '%Y-%m-%d %H:%M:%S'), null, 3, 'Screening', 6, 'Cancelled - Zero Submissions', 1, 1, '1.0                 ', TO_DATE('2006-06-22 09:00:00', '%Y-%m-%d %H:%M:%S'), 1, 0, null, 1, 1, 0, 2, 'Development', 0, 0.00, 0.00, null, null, null, null, null, null, null, null, null, null, null, 10053295, 22655028, null, null, null, null, null, null, null, null, null, null, null, null, 0.00, 0.00, 0.00, 0.00, 0.00, 0.00);
INSERT INTO project (project_id, component_id, component_name, num_registrations, num_submissions, num_valid_submissions, avg_raw_score, avg_final_score, phase_id, phase_desc, category_id, category_desc, posting_date, submitby_date, complete_date, review_phase_id, review_phase_name, status_id, status_desc, level_id, version_id, version_text, rating_date, viewable_category_ind, num_submissions_passed_review, winner_id, stage_id, digital_run_ind, suspended_ind, project_category_id, project_category_name, tc_direct_project_id, admin_fee, contest_prizes_total, client_project_id, start_date_calendar_id, duration, fulfillment, last_modification_date, first_place_prize, num_checkpoint_submissions, num_valid_checkpoint_submissions, total_prize, checkpoint_start_date, checkpoint_end_date, challenge_manager, challenge_creator, copilot, challenge_launcher, registration_end_date, scheduled_end_date, checkpoint_prize_amount, checkpoint_prize_number, dr_points, reliability_cost, review_cost, forum_id, submission_viewable, is_private, actual_total_prize, copilot_cost, estimated_reliability_cost, estimated_review_cost, estimated_copilot_cost, estimated_admin_fee) VALUES (22473724, 22462454, 'WMS Warehouse', 2, 2, 2, 88.35, 90.11, 112, 'Design', 5801779, '.NET Custom', TO_DATE('2006-06-15 09:00:00', '%Y-%m-%d %H:%M:%S'), TO_DATE('2006-06-22 09:00:00', '%Y-%m-%d %H:%M:%S'), TO_DATE('2006-07-04 10:19:00', '%Y-%m-%d %H:%M:%S'), 0, null, 7, 'Completed', 1, 1, '1.0                 ', TO_DATE('2006-06-22 09:00:00', '%Y-%m-%d %H:%M:%S'), 0, 2, 151743, 1, 1, 0, 1, 'Design', 0, 0.00, 2096.00, null, null, null, null, TO_DATE('2016-04-16 01:36:06', '%Y-%m-%d %H:%M:%S'), 1600.00, 0, 0, 2400.00, null, null, 10053295, 22655028, null, null, TO_DATE('2006-06-18 09:00:00', '%Y-%m-%d %H:%M:%S'), TO_DATE('2006-07-04 10:19:00', '%Y-%m-%d %H:%M:%S'), 0.00, 0, 0.00, 0.00, 896.00, 1481, null, 0, 1200.00, 0.00, 0.00, 0.00, 0.00, 0.00);
INSERT INTO project (project_id, component_id, component_name, num_registrations, num_submissions, num_valid_submissions, avg_raw_score, avg_final_score, phase_id, phase_desc, category_id, category_desc, posting_date, submitby_date, complete_date, review_phase_id, review_phase_name, status_id, status_desc, level_id, version_id, version_text, rating_date, viewable_category_ind, num_submissions_passed_review, winner_id, stage_id, digital_run_ind, suspended_ind, project_category_id, project_category_name, tc_direct_project_id, admin_fee, contest_prizes_total, client_project_id, start_date_calendar_id, duration, fulfillment, last_modification_date, first_place_prize, num_checkpoint_submissions, num_valid_checkpoint_submissions, total_prize, checkpoint_start_date, checkpoint_end_date, challenge_manager, challenge_creator, copilot, challenge_launcher, registration_end_date, scheduled_end_date, checkpoint_prize_amount, checkpoint_prize_number, dr_points, reliability_cost, review_cost, forum_id, submission_viewable, is_private, actual_total_prize, copilot_cost, estimated_reliability_cost, estimated_review_cost, estimated_copilot_cost, estimated_admin_fee) VALUES (22491482, 21542696, 'XSD2DDL', 6, 1, 1, 86.62, 90.48, 113, 'Development', 5801777, '.NET', TO_DATE('2006-06-15 09:00:00', '%Y-%m-%d %H:%M:%S'), TO_DATE('2006-06-22 09:00:00', '%Y-%m-%d %H:%M:%S'), TO_DATE('2006-07-20 21:47:00', '%Y-%m-%d %H:%M:%S'), 0, null, 7, 'Completed', 1, 1, '1.0                 ', TO_DATE('2006-06-22 09:00:00', '%Y-%m-%d %H:%M:%S'), 1, 1, 21145630, 1, 1, 0, 2, 'Development', 0, 0.00, 1404.70, null, null, null, null, TO_DATE('2006-07-20 21:47:00', '%Y-%m-%d %H:%M:%S'), null, null, null, null, null, null, 10053295, 22655028, null, null, TO_DATE('2006-06-18 09:00:00', '%Y-%m-%d %H:%M:%S'), TO_DATE('2006-07-20 21:47:00', '%Y-%m-%d %H:%M:%S'), 0.00, 0, 0.00, 25.70, 879.00, 1387, null, 0, 500.00, 0.00, 0.00, 0.00, 0.00, 0.00);
INSERT INTO project (project_id, component_id, component_name, num_registrations, num_submissions, num_valid_submissions, avg_raw_score, avg_final_score, phase_id, phase_desc, category_id, category_desc, posting_date, submitby_date, complete_date, review_phase_id, review_phase_name, status_id, status_desc, level_id, version_id, version_text, rating_date, viewable_category_ind, num_submissions_passed_review, winner_id, stage_id, digital_run_ind, suspended_ind, project_category_id, project_category_name, tc_direct_project_id, admin_fee, contest_prizes_total, client_project_id, start_date_calendar_id, duration, fulfillment, last_modification_date, first_place_prize, num_checkpoint_submissions, num_valid_checkpoint_submissions, total_prize, checkpoint_start_date, checkpoint_end_date, challenge_manager, challenge_creator, copilot, challenge_launcher, registration_end_date, scheduled_end_date, checkpoint_prize_amount, checkpoint_prize_number, dr_points, reliability_cost, review_cost, forum_id, submission_viewable, is_private, actual_total_prize, copilot_cost, estimated_reliability_cost, estimated_review_cost, estimated_copilot_cost, estimated_admin_fee) VALUES (22491931, 22491896, 'Online Review Ajax Support', 7, 2, 2, 87.65, 90.11, 112, 'Design', 5801778, 'Java Custom', TO_DATE('2006-06-15 09:00:00', '%Y-%m-%d %H:%M:%S'), TO_DATE('2006-06-23 09:00:00', '%Y-%m-%d %H:%M:%S'), TO_DATE('2006-07-05 09:42:00', '%Y-%m-%d %H:%M:%S'), 0, null, 7, 'Completed', 1, 1, '1.0                 ', TO_DATE('2006-06-23 09:00:00', '%Y-%m-%d %H:%M:%S'), 0, 2, 15608845, 1, 1, 0, 1, 'Design', 0, 0.00, 2396.00, null, null, null, null, TO_DATE('2016-04-16 01:35:43', '%Y-%m-%d %H:%M:%S'), 600.00, 0, 0, 900.00, null, null, 10053295, 22655028, null, null, TO_DATE('2006-06-18 09:00:00', '%Y-%m-%d %H:%M:%S'), TO_DATE('2006-07-05 09:42:00', '%Y-%m-%d %H:%M:%S'), 0.00, 0, 0.00, 0.00, 896.00, 1482, null, 0, 1500.00, 0.00, 0.00, 0.00, 0.00, 0.00);
INSERT INTO project (project_id, component_id, component_name, num_registrations, num_submissions, num_valid_submissions, avg_raw_score, avg_final_score, phase_id, phase_desc, category_id, category_desc, posting_date, submitby_date, complete_date, review_phase_id, review_phase_name, status_id, status_desc, level_id, version_id, version_text, rating_date, viewable_category_ind, num_submissions_passed_review, winner_id, stage_id, digital_run_ind, suspended_ind, project_category_id, project_category_name, tc_direct_project_id, admin_fee, contest_prizes_total, client_project_id, start_date_calendar_id, duration, fulfillment, last_modification_date, first_place_prize, num_checkpoint_submissions, num_valid_checkpoint_submissions, total_prize, checkpoint_start_date, checkpoint_end_date, challenge_manager, challenge_creator, copilot, challenge_launcher, registration_end_date, scheduled_end_date, checkpoint_prize_amount, checkpoint_prize_number, dr_points, reliability_cost, review_cost, forum_id, submission_viewable, is_private, actual_total_prize, copilot_cost, estimated_reliability_cost, estimated_review_cost, estimated_copilot_cost, estimated_admin_fee) VALUES (22491969, 20115006, 'Data Migration Manager', 14, 0, 0, null, null, 113, 'Development', 5801776, 'Java', TO_DATE('2006-06-15 09:00:00', '%Y-%m-%d %H:%M:%S'), TO_DATE('2006-06-22 09:00:00', '%Y-%m-%d %H:%M:%S'), null, 3, 'Screening', 6, 'Cancelled - Zero Submissions', 1, 2, '2.0                 ', TO_DATE('2006-06-22 09:00:00', '%Y-%m-%d %H:%M:%S'), 1, 0, null, 1, 1, 0, 2, 'Development', 0, 0.00, 0.00, null, null, null, null, null, null, null, null, null, null, null, 10053295, 22655028, null, null, null, null, null, null, null, null, null, null, null, null, 0.00, 0.00, 0.00, 0.00, 0.00, 0.00);

-- Create project_result table.
CREATE TABLE project_result (project_id DECIMAL(12,0), user_id DECIMAL(12,0), submit_ind DECIMAL(1,0), valid_submission_ind DECIMAL(1,0), raw_score DECIMAL(5,2), final_score DECIMAL(5,2), inquire_timestamp DATETIME YEAR TO MINUTE, submit_timestamp DATETIME YEAR TO MINUTE, review_complete_timestamp DATETIME YEAR TO MINUTE, payment DECIMAL(10,2), old_rating DECIMAL(5,0), new_rating DECIMAL(5,0), old_reliability DECIMAL(5,4), new_reliability DECIMAL(5,4), placed DECIMAL(6,0), rating_ind DECIMAL(1,0), passed_review_ind DECIMAL(1,0), points_awarded FLOAT, final_points FLOAT, potential_points FLOAT, reliable_submission_ind DECIMAL(1,0), num_appeals DECIMAL(3,0), num_successful_appeals DECIMAL(3,0), old_rating_id INTEGER, new_rating_id INTEGER, num_ratings DECIMAL(6,0), rating_order INTEGER, PRIMARY KEY (project_id, user_id) CONSTRAINT proj_result_pkey);
INSERT INTO project_result (project_id, user_id, submit_ind, valid_submission_ind, raw_score, final_score, inquire_timestamp, submit_timestamp, review_complete_timestamp, payment, old_rating, new_rating, old_reliability, new_reliability, placed, rating_ind, passed_review_ind, points_awarded, final_points, potential_points, reliable_submission_ind, num_appeals, num_successful_appeals, old_rating_id, new_rating_id, num_ratings, rating_order) VALUES (9994032, 7436876, 1, 0, null, null, TO_DATE('2004-05-27 09:14:00', '%Y-%m-%d %H:%M:%S'), TO_DATE('2004-05-29 12:01:00', '%Y-%m-%d %H:%M:%S'), null, null, 631, null, null, null, null, 0, null, null, null, 0.0, null, null, null, 631, -2, 0, null);
INSERT INTO project_result (project_id, user_id, submit_ind, valid_submission_ind, raw_score, final_score, inquire_timestamp, submit_timestamp, review_complete_timestamp, payment, old_rating, new_rating, old_reliability, new_reliability, placed, rating_ind, passed_review_ind, points_awarded, final_points, potential_points, reliable_submission_ind, num_appeals, num_successful_appeals, old_rating_id, new_rating_id, num_ratings, rating_order) VALUES (30011015, 22871418, 0, 0, null, null, TO_DATE('2010-04-22 16:17:00', '%Y-%m-%d %H:%M:%S'), null, null, null, null, null, null, null, null, 0, null, null, null, null, 0, null, null, -2, -2, 0, 1);
INSERT INTO project_result (project_id, user_id, submit_ind, valid_submission_ind, raw_score, final_score, inquire_timestamp, submit_timestamp, review_complete_timestamp, payment, old_rating, new_rating, old_reliability, new_reliability, placed, rating_ind, passed_review_ind, points_awarded, final_points, potential_points, reliable_submission_ind, num_appeals, num_successful_appeals, old_rating_id, new_rating_id, num_ratings, rating_order) VALUES (30011029, 8366961, 0, 0, null, null, TO_DATE('2010-04-28 08:50:00', '%Y-%m-%d %H:%M:%S'), null, null, null, 599, null, 0.0000, 0.0000, null, 0, null, null, null, null, 0, null, null, 599, -2, 8, 236);
INSERT INTO project_result (project_id, user_id, submit_ind, valid_submission_ind, raw_score, final_score, inquire_timestamp, submit_timestamp, review_complete_timestamp, payment, old_rating, new_rating, old_reliability, new_reliability, placed, rating_ind, passed_review_ind, points_awarded, final_points, potential_points, reliable_submission_ind, num_appeals, num_successful_appeals, old_rating_id, new_rating_id, num_ratings, rating_order) VALUES (30011029, 15391415, 0, 0, null, null, TO_DATE('2010-04-26 09:46:00', '%Y-%m-%d %H:%M:%S'), null, null, null, 564, null, 0.2000, 0.2000, null, 0, null, null, null, null, 0, null, null, 564, -2, 17, 104);
INSERT INTO project_result (project_id, user_id, submit_ind, valid_submission_ind, raw_score, final_score, inquire_timestamp, submit_timestamp, review_complete_timestamp, payment, old_rating, new_rating, old_reliability, new_reliability, placed, rating_ind, passed_review_ind, points_awarded, final_points, potential_points, reliable_submission_ind, num_appeals, num_successful_appeals, old_rating_id, new_rating_id, num_ratings, rating_order) VALUES (30011029, 20224338, 1, 1, 97.34, 98.33, TO_DATE('2010-04-26 21:07:00', '%Y-%m-%d %H:%M:%S'), TO_DATE('2010-05-01 08:54:00', '%Y-%m-%d %H:%M:%S'), TO_DATE('2010-05-07 10:57:00', '%Y-%m-%d %H:%M:%S'), 400.00, 2061, 2020, 0.1333, 0.2000, 1, 1, 1, 117.0, 117.0, 0.0, 1, 4, 4, 2061, 2020, 106, 396);
INSERT INTO project_result (project_id, user_id, submit_ind, valid_submission_ind, raw_score, final_score, inquire_timestamp, submit_timestamp, review_complete_timestamp, payment, old_rating, new_rating, old_reliability, new_reliability, placed, rating_ind, passed_review_ind, points_awarded, final_points, potential_points, reliable_submission_ind, num_appeals, num_successful_appeals, old_rating_id, new_rating_id, num_ratings, rating_order) VALUES (30011029, 21870231, 1, 1, 94.47, 97.17, TO_DATE('2010-04-26 10:55:00', '%Y-%m-%d %H:%M:%S'), TO_DATE('2010-05-01 08:17:00', '%Y-%m-%d %H:%M:%S'), TO_DATE('2010-05-05 20:52:00', '%Y-%m-%d %H:%M:%S'), null, 1100, 1183, 0.4667, 0.5333, 3, 1, 1, 18.0, 18.0, 0.0, 1, 8, 3, 1100, 1183, 18, 92);
INSERT INTO project_result (project_id, user_id, submit_ind, valid_submission_ind, raw_score, final_score, inquire_timestamp, submit_timestamp, review_complete_timestamp, payment, old_rating, new_rating, old_reliability, new_reliability, placed, rating_ind, passed_review_ind, points_awarded, final_points, potential_points, reliable_submission_ind, num_appeals, num_successful_appeals, old_rating_id, new_rating_id, num_ratings, rating_order) VALUES (30011029, 22652995, 0, 0, null, null, TO_DATE('2010-04-27 00:07:00', '%Y-%m-%d %H:%M:%S'), null, null, null, 1291, null, 0.3333, 0.2667, null, 0, null, null, null, null, 0, null, null, 1291, -2, 53, 136);
INSERT INTO project_result (project_id, user_id, submit_ind, valid_submission_ind, raw_score, final_score, inquire_timestamp, submit_timestamp, review_complete_timestamp, payment, old_rating, new_rating, old_reliability, new_reliability, placed, rating_ind, passed_review_ind, points_awarded, final_points, potential_points, reliable_submission_ind, num_appeals, num_successful_appeals, old_rating_id, new_rating_id, num_ratings, rating_order) VALUES (30011029, 22654954, 0, 0, null, null, TO_DATE('2010-04-26 22:55:00', '%Y-%m-%d %H:%M:%S'), null, null, null, null, null, null, null, null, 0, null, null, null, null, 0, null, null, -2, -2, 0, 39);
INSERT INTO project_result (project_id, user_id, submit_ind, valid_submission_ind, raw_score, final_score, inquire_timestamp, submit_timestamp, review_complete_timestamp, payment, old_rating, new_rating, old_reliability, new_reliability, placed, rating_ind, passed_review_ind, points_awarded, final_points, potential_points, reliable_submission_ind, num_appeals, num_successful_appeals, old_rating_id, new_rating_id, num_ratings, rating_order) VALUES (30011029, 22665820, 0, 0, null, null, TO_DATE('2010-04-26 12:39:00', '%Y-%m-%d %H:%M:%S'), null, null, null, null, null, null, null, null, 0, null, null, null, null, 0, null, null, -2, -2, 0, 135);
INSERT INTO project_result (project_id, user_id, submit_ind, valid_submission_ind, raw_score, final_score, inquire_timestamp, submit_timestamp, review_complete_timestamp, payment, old_rating, new_rating, old_reliability, new_reliability, placed, rating_ind, passed_review_ind, points_awarded, final_points, potential_points, reliable_submission_ind, num_appeals, num_successful_appeals, old_rating_id, new_rating_id, num_ratings, rating_order) VALUES (30011029, 22680616, 0, 0, null, null, TO_DATE('2010-04-26 15:22:00', '%Y-%m-%d %H:%M:%S'), null, null, null, null, null, null, null, null, 0, null, null, null, null, 0, null, null, -2, -2, 0, 125);

-- Create project_technology table.
CREATE TABLE project_technology (project_id DECIMAL(12,0), project_technology_id DECIMAL(12,0), name VARCHAR(100), PRIMARY KEY (project_id, project_technology_id) CONSTRAINT project_technology_pkey);
INSERT INTO project_technology (project_id, project_technology_id, name) VALUES (7437797, 2, 'Java');
INSERT INTO project_technology (project_id, project_technology_id, name) VALUES (7437871, 2, 'Java');
INSERT INTO project_technology (project_id, project_technology_id, name) VALUES (7437937, 2, 'Java');
INSERT INTO project_technology (project_id, project_technology_id, name) VALUES (7437937, 15, 'XML');
INSERT INTO project_technology (project_id, project_technology_id, name) VALUES (7437991, 11, '.NET');
INSERT INTO project_technology (project_id, project_technology_id, name) VALUES (7437991, 5905414, 'C#');
INSERT INTO project_technology (project_id, project_technology_id, name) VALUES (7438045, 2, 'Java');
INSERT INTO project_technology (project_id, project_technology_id, name) VALUES (7438099, 1, 'J2EE');
INSERT INTO project_technology (project_id, project_technology_id, name) VALUES (7438099, 2, 'Java');
INSERT INTO project_technology (project_id, project_technology_id, name) VALUES (7438099, 4, 'EJB');

-- Create stage table.
CREATE TABLE stage (stage_id DECIMAL(6,0), season_id DECIMAL(6,0), start_calendar_id DECIMAL(10,0), end_calendar_id DECIMAL(10,0), name NVARCHAR(254), PRIMARY KEY (stage_id) CONSTRAINT stage_pk);
INSERT INTO stage (stage_id, season_id, start_calendar_id, end_calendar_id, name) VALUES (1, 1, 1957, 2041, 'Stage 1');
INSERT INTO stage (stage_id, season_id, start_calendar_id, end_calendar_id, name) VALUES (2, 1, 2042, 2132, 'Stage 2');
INSERT INTO stage (stage_id, season_id, start_calendar_id, end_calendar_id, name) VALUES (3, 1, 2133, 2223, 'Stage 3');
INSERT INTO stage (stage_id, season_id, start_calendar_id, end_calendar_id, name) VALUES (4, 1, 2224, 2314, 'Stage 4');
INSERT INTO stage (stage_id, season_id, start_calendar_id, end_calendar_id, name) VALUES (5, 2, 2315, 2434, 'Stage 1');
INSERT INTO stage (stage_id, season_id, start_calendar_id, end_calendar_id, name) VALUES (6, 2, 2435, 2556, 'Stage 2');
INSERT INTO stage (stage_id, season_id, start_calendar_id, end_calendar_id, name) VALUES (7, 3, 2557, 2647, 'Stage 1');
INSERT INTO stage (stage_id, season_id, start_calendar_id, end_calendar_id, name) VALUES (8, 3, 2648, 2738, 'Stage 2');
